date,銘柄名,コード,業種,TOPIXに占める個別銘柄のウエイト,ニューインデックス区分,code
,Ｖｅｒｉｔａｓ　Ｉｎ　Ｓｉｌｉ,130A,,,,130A0
,ＶＲＡＩＮ　Ｓｏｌｕｔｉｏｎ,135A,,,,135A0
,Ｃｏｃｏｌｉｖｅ,137A,,,,137A0
,秋川牧園,1380,,,,13800
,アクシーズ,1381,,,,13810
,ホーブ,1382,,,,13820
,ベルグアース,1383,,,,13830
,ホクリヨウ,1384,,,,13840
,光フードサービス,138A,,,,138A0
,エムビーエス,1401,,,,14010
,ウエストＨＬＤＧ,1407,,,,14070
,インターライフＨＬＤＧ,1418,,,,14180
,トライアルＨＬＤＧ,141A,,,,141A0
,サンヨーホームズ,1420,,,,14200
,日本アクア,1429,,,,14290
,ジンジブ,142A,,,,142A0
,ファーストコーポレーション,1430,,,,14300
,Ｌｉｂ　Ｗｏｒｋ,1431,,,,14310
,ベステラ,1433,,,,14330
,ＪＥＳＣＯ　ＨＬＤＧ,1434,,,,14340
,グリーンエナジー＆カンパニー,1436,,,,14360
,岐阜造園,1438,,,,14380
,イシン,143A,,,,143A0
,技研ＨＬＤＧ,1443,,,,14430
,ニッソウ,1444,,,,14440
,キャンディル,1446,,,,14460
,ＳＡＡＦＨＬＤＧ,1447,,,,14470
,ＴＡＮＡＫＥＮ,1450,,,,14500
,Ｌ　ｉｓ　Ｂ,145A,,,,145A0
,コロンビア・ワークス,146A,,,,146A0
,ソラコム,147A,,,,147A0
,ハッチ・ワーク,148A,,,,148A0
,中外鉱業,1491,,,,14910
,シンカ,149A,,,,149A0
,ＪＳＨ,150A,,,,150A0
,ダイブ,151A,,,,151A0
,カウリス,153A,,,,153A0
,情報戦略テクノロジー,155A,,,,155A0
,マテリアルグループ,156A,,,,156A0
,グリーンモンスター,157A,,,,157A0
,アズパートナーズ,160A,,,,160A0
,ＳＢＩレオスひふみ,165A,,,,165A0
,タスキＨＬＤＧ,166A,,,,166A0
,イタミアート,168A,,,,168A0
,ＳＤＳＨＬＤＧ,1711,,,,17110
,ダイセキ環境ソリューション,1712,,,,17120
,明豊ファシリティワークス,1717,,,,17170
,美樹工業,1718,,,,17180
,日本電技,1723,,,,17230
,シンクレイヤ,1724,,,,17240
,オーテック,1736,,,,17360
,ハンモック,173A,,,,173A0
,コーアツ工業,1743,,,,17430
,創建エース,1757,,,,17570
,太洋基礎工業,1758,,,,17580
,Ｗｉｌｌ　Ｓｍａｒｔ,175A,,,,175A0
,工藤建設,1764,,,,17640
,ソネック,1768,,,,17680
,レジル,176A,,,,176A0
,藤田エンジニアリング,1770,,,,17700
,ワイ・ティー・エル,1773,,,,17730
,三井住建道路,1776,,,,17760
,コージンバイオ,177A,,,,177A0
,ｆａｎｔａｓｉｓｔａ,1783,,,,17830
,ナカボーテック,1787,,,,17870
,三東工業社,1788,,,,17880
,大本組,1793,,,,17930
,マサル,1795,,,,17950
,守谷商会,1798,,,,17980
,第一建設工業,1799,,,,17990
,佐藤渡辺,1807,,,,18070
,錢高組,1811,,,,18110
,大末建設,1814,,,,18140
,佐田建設,1826,,,,18260
,ナカノフドー建設,1827,,,,18270
,田辺工業,1828,,,,18280
,土屋ＨＬＤＧ,1840,,,,18400
,サンユー建設,1841,,,,18410
,大盛工業,1844,,,,18440
,イチケン,1847,,,,18470
,富士ピー・エス,1848,,,,18480
,学びエイド,184A,,,,184A0
,南海辰村建設,1850,,,,18500
,森組,1853,,,,18530
,北野建設,1866,,,,18660
,植木組,1867,,,,18670
,アストロスケールＨＬＤＧ,186A,,,,186A0
,金下建設,1897,,,,18970
,Ｄ＆Ｍカンパニー,189A,,,,189A0
,大成温調,1904,,,,19040
,テノックス,1905,,,,19050
,日本ドライケミカル,1909,,,,19090
,Ｃｈｏｒｄｉａ　Ｔｈｅｒａｐｅ,190A,,,,190A0
,日本基礎技術,1914,,,,19140
,巴コーポレーション,1921,,,,19210
,インテグループ,192A,,,,192A0
,弘電社,1948,,,,19480
,ＷＯＬＶＥＳ　ＨＡＮＤ,194A,,,,194A0
,ＭＵＳＣＡＴ　ＧＲＯＵＰ,195A,,,,195A0
,サンテック,1960,,,,19600
,テクノ菱和,1965,,,,19650
,高田工業所,1966,,,,19660
,ヤマト,1967,,,,19670
,ＭＦＳ,196A,,,,196A0
,三晃金属工業,1972,,,,19720
,タウンズ,197A,,,,197A0
,協和日成,1981,,,,19810
,ＰｏｓｔＰｒｉｍｅ,198A,,,,198A0
,神田通信機,1992,,,,19920
,高橋カーテンウォール工業,1994,,,,19940
,暁飯島工業,1997,,,,19970
,鳥越製粉,2009,,,,20090
,豆蔵デジタルＨＬＤＧ,202A,,,,202A0
,日和産業,2055,,,,20550
,ロゴスＨＬＤＧ,205A,,,,205A0
,ＰＲＩＳＭ　ＢｉｏＬａｂ,206A,,,,206A0
,構造計画研究所ＨＬＤＧ,208A,,,,208A0
,塩水港精糖,2112,,,,21120
,フジ日本,2114,,,,21140
,カドス,211A,,,,211A0
,インタースペース,2122,,,,21220
,フィットイージー,212A,,,,212A0
,北浜キャピタルパートナーズ,2134,,,,21340
,ヒップ,2136,,,,21360
,クルーズ,2138,,,,21380
,中広,2139,,,,21390
,幼児活動研究会,2152,,,,21520
,セーラー広告,2156,,,,21560
,ＦＲＯＮＴＥＯ,2158,,,,21580
,タイミー,215A,,,,215A0
,ジーエヌアイグループ,2160,,,,21600
,ｎｍｓ　ＨＬＤＧ,2162,,,,21620
,アルトナー,2163,,,,21630
,地域新聞社,2164,,,,21640
,ＣＤＳ,2169,,,,21690
,博展,2173,,,,21730
,成学社,2179,,,,21790
,サニーサイドアップグループ,2180,,,,21800
,リニカル,2183,,,,21830
,シイエム・シイ,2185,,,,21850
,ソーバル,2186,,,,21860
,Ｌｉｂｅｒａｗａｒｅ,218A,,,,218A0
,アミタＨＬＤＧ,2195,,,,21950
,エスクリ,2196,,,,21960
,アイ・ケイ・ケイＨＬＤＧ,2198,,,,21980
,Ｈｅａｒｔｓｅｅｄ,219A,,,,219A0
,ブルボン,2208,,,,22080
,Ｆａｂｅｒ　Ｃｏｍｐａｎｙ,220A,,,,220A0
,第一屋製パン,2215,,,,22150
,カンロ,2216,,,,22160
,岩塚製菓,2221,,,,22210
,コモ,2224,,,,22240
,湖池屋,2226,,,,22260
,Ｂ―Ｒ　サーティワン　アイス,2268,,,,22680
,林兼産業,2286,,,,22860
,オプロ,228A,,,,228A0
,福留ハム,2291,,,,22910
,滝沢ハム,2293,,,,22930
,きょくとう,2300,,,,23000
,ドーン,2303,,,,23030
,ＣＳＳ　ＨＬＤＧ,2304,,,,23040
,エプコ,2311,,,,23110
,ＣＡＩＣＡ　ＤＩＧＩＴＡＬ,2315,,,,23150
,ソフトフロントＨＬＤＧ,2321,,,,23210
,ｆｏｎｆｕｎ,2323,,,,23230
,東北新社,2329,,,,23290
,フォーサイド,2330,,,,23300
,クエスト,2332,,,,23320
,イオレ,2334,,,,23340
,クオンタムソリューションズ,2338,,,,23380
,極楽湯ＨＬＤＧ,2340,,,,23400
,アルバイトタイムス,2341,,,,23410
,トランスジェニックグループ,2342,,,,23420
,平安レイサービス,2344,,,,23440
,クシム,2345,,,,23450
,エヌアイデイ,2349,,,,23490
,ＡＳＪ,2351,,,,23510
,ＹＥ　ＤＩＧＩＴＡＬ,2354,,,,23540
,メディネット,2370,,,,23700
,ケア２１,2373,,,,23730
,ギグワークス,2375,,,,23750
,サイネックス,2376,,,,23760
,総医研ＨＬＤＧ,2385,,,,23850
,ウェッジＨＬＤＧ,2388,,,,23880
,プラネット,2391,,,,23910
,日本ケアサプライ,2393,,,,23930
,鉄人化ＨＬＤＧ,2404,,,,24040
,ＫＧ情報,2408,,,,24080
,キャリアデザインセンター,2410,,,,24100
,ゲンダイエージェンシー,2411,,,,24110
,ヒューマンＨＬＤＧ,2415,,,,24150
,ツカダ・グローバルＨＬＤＧ,2418,,,,24180
,ＲＯＸＸ,241A,,,,241A0
,ブラス,2424,,,,24240
,ケアサービス,2425,,,,24250
,ウェルネット,2428,,,,24280
,シダー,2435,,,,24350
,共同ピーアール,2436,,,,24360
,Ｓｈｉｎｗａ　Ｗｉｓｅ　ＨＬＤ,2437,,,,24370
,アスカネット,2438,,,,24380
,プラップジャパン,2449,,,,24490
,グロースエクスパートナーズ,244A,,,,244A0
,オールアバウト,2454,,,,24540
,アウンコンサルティング,2459,,,,24590
,ＩＮＧＳ,245A,,,,245A0
,Ａｏｂａ−ＢＢＴ,2464,,,,24640
,ヒビノ,2469,,,,24690
,アスア,246A,,,,246A0
,ジェイテック,2479,,,,24790
,Ａｉロボティクス,247A,,,,247A0
,システム・ロケーション,2480,,,,24800
,タウンニュース社,2481,,,,24810
,翻訳センター,2483,,,,24830
,出前館,2484,,,,24840
,ティア,2485,,,,24850
,ＪＴＰ,2488,,,,24880
,キッズスター,248A,,,,248A0
,イーサポートリンク,2493,,,,24930
,ユナイテッド,2497,,,,24970
,オリエンタルコンサルタンツＨＤ,2498,,,,24980
,日本和装ＨＬＤＧ,2499,,,,24990
,ＥＴＳグループ,253A,,,,253A0
,ＡＩ　フュージョンキャピタルグ,254A,,,,254A0
,ジーエルテクノＨＬＤＧ,255A,,,,255A0
,北海道コカ・コーラボトリング,2573,,,,25730
,フルッタフルッタ,2586,,,,25860
,プレミアムウォーターＨＬＤＧ,2588,,,,25880
,ユニカフェ,2597,,,,25970
,オルツ,260A,,,,260A0
,かどや製油,2612,,,,26120
,日水コン,261A,,,,261A0
,Ｓｃｈｏｏ,264A,,,,264A0
,まんだらけ,2652,,,,26520
,イオン九州,2653,,,,26530
,アスモ,2654,,,,26540
,ベクターＨＬＤＧ,2656,,,,26560
,Ｈｍｃｏｍｍ,265A,,,,265A0
,オートウェーブ,2666,,,,26660
,イメージワン,2667,,,,26670
,タビオ,2668,,,,26680
,カネ美食品,2669,,,,26690
,夢みつけ隊,2673,,,,26730
,魚喜,2683,,,,26830
,ジーフット,2686,,,,26860
,シー・ヴイ・エス・ベイエリア,2687,,,,26870
,オルバヘルスケアＨＬＤＧ,2689,,,,26890
,ＹＫＴ,2693,,,,26930
,焼肉坂井ＨＬＤＧ,2694,,,,26940
,Ｓａｐｅｅｔ,269A,,,,269A0
,木徳神糧,2700,,,,27000
,日本マクドナルドＨＬＤＧ,2702,,,,27020
,大戸屋ＨＬＤＧ,2705,,,,27050
,久世,2708,,,,27080
,ジェイＨＬＤＧ,2721,,,,27210
,ＩＫＨＬＤＧ,2722,,,,27220
,ワッツ,2735,,,,27350
,フェスタリアＨＬＤＧ,2736,,,,27360
,ピクセルカンパニーズ,2743,,,,27430
,北雄ラッキー,2747,,,,27470
,ガーデン,274A,,,,274A0
,石光商事,2750,,,,27500
,テンポスＨＬＤＧ,2751,,,,27510
,ＳＡＮＫＯ　ＭＡＲＫＥＴＩＮＧ,2762,,,,27620
,エフティグループ,2763,,,,27630
,ひらまつ,2764,,,,27640
,ヴィレッジヴァンガードコーポレ,2769,,,,27690
,ククレブ・アドバイザーズ,276A,,,,276A0
,新都ＨＬＤＧ,2776,,,,27760
,パレモＨＬＤＧ,2778,,,,27780
,グロービング,277A,,,,277A0
,コメ兵ＨＬＤＧ,2780,,,,27800
,セリア,2782,,,,27820
,アップルインターナショナル,2788,,,,27880
,カルラ,2789,,,,27890
,Ｔｅｒｒａ　Ｄｒｏｎｅ,278A,,,,278A0
,ナフコ,2790,,,,27900
,日本プリメックス,2795,,,,27950
,ファーマライズホールディングス,2796,,,,27960
,ワイズテーブルコーポレーション,2798,,,,27980
,エスビー食品,2805,,,,28050
,ユタカフーズ,2806,,,,28060
,ＴＭＨ,280A,,,,280A0
,和弘食品,2813,,,,28130
,佐藤食品工業,2814,,,,28140
,ダイショー,2816,,,,28160
,ピエトロ,2818,,,,28180
,インフォメティス,281A,,,,281A0
,やまみ,2820,,,,28200
,アヲハタ,2830,,,,28300
,はごろもフーズ,2831,,,,28310
,ユカリア,286A,,,,286A0
,セイヒョー,2872,,,,28720
,デルソーレ,2876,,,,28760
,日東ベスト,2877,,,,28770
,黒田グループ,287A,,,,287A0
,大冷,2883,,,,28830
,ラクサス・テクノロジーズ,288A,,,,288A0
,日本食品化工,2892,,,,28920
,石井食品,2894,,,,28940
,ウェルディッシュ,2901,,,,29010
,シノブフーズ,2903,,,,29030
,一正蒲鉾,2904,,,,29040
,あじかん,2907,,,,29070
,Ｓｙｎｓｐｅｃｔｉｖｅ,290A,,,,290A0
,旭松食品,2911,,,,29110
,仙波糖化工業,2916,,,,29160
,大森屋,2917,,,,29170
,リスキル,291A,,,,291A0
,サトウ食品,2923,,,,29230
,イフジ産業,2924,,,,29240
,篠崎屋,2926,,,,29260
,ＡＦＣ―ＨＤアムスライフ,2927,,,,29270
,ＳＴＩフードＨＬＤＧ,2932,,,,29320
,ジェイフロンティア,2934,,,,29340
,ベースフード,2936,,,,29360
,サンクゼール,2937,,,,29370
,オカムラ食品工業,2938,,,,29380
,日本調理機,2961,,,,29610
,テクニスコ,2962,,,,29620
,令和アカウンティング・ＨＬＤＧ,296A,,,,296A0
,グッドライフカンパニー,2970,,,,29700
,ツクルバ,2978,,,,29780
,アルピコＨＬＤＧ,297A,,,,297A0
,ランディックス,2981,,,,29810
,ＡＤワークスグループ,2982,,,,29820
,アールプランナー,2983,,,,29830
,ヤマイチエステート,2984,,,,29840
,ＬＡ　ＨＬＤＧ,2986,,,,29860
,ＧＶＡ　ＴＥＣＨ,298A,,,,298A0
,ランドネット,2991,,,,29910
,長栄,2993,,,,29930
,ストレージ王,2997,,,,29970
,クリアル,2998,,,,29980
,ホームポジション,2999,,,,29990
,ｄｅｌｙ,299A,,,,299A0
,神栄,3004,,,,30040
,ＭＩＣ,300A,,,,300A0
,ポラリス・ＨＬＤＧ,3010,,,,30100
,バナーズ,3011,,,,30110
,アプライド,3020,,,,30200
,パシフィックネット,3021,,,,30210
,クリエイト,3024,,,,30240
,ビースタイルＨＬＤＧ,302A,,,,302A0
,ハブ,3030,,,,30300
,ケイティケイ,3035,,,,30350
,ｖｉｓｕｍｏ,303A,,,,303A0
,ビューティカダンＨＬＤＧ,3041,,,,30410
,セキュアヴェイル,3042,,,,30420
,カワサキ,3045,,,,30450
,フォルシア,304A,,,,304A0
,ハイパー,3054,,,,30540
,三洋堂ＨＬＤＧ,3058,,,,30580
,ヒラキ,3059,,,,30590
,ジェイグループＨＬＤＧ,3063,,,,30630
,ライフフーズ,3065,,,,30650
,東京一番フーズ,3067,,,,30670
,ＷＤＩ,3068,,,,30680
,ＪＦＬＡ　ＨＬＤＧ,3069,,,,30690
,ジェリービーンズグループ,3070,,,,30700
,ストリーム,3071,,,,30710
,ＤＤグループ,3073,,,,30730
,銚子丸,3075,,,,30750
,ホリイフードサービス,3077,,,,30770
,ディーブイエックス,3079,,,,30790
,ジェーソン,3080,,,,30800
,きちりＨＬＤＧ,3082,,,,30820
,スターシーズ,3083,,,,30830
,テクノアルファ,3089,,,,30890
,スーパーバリュー,3094,,,,30940
,オーシャンシステム,3096,,,,30960
,オーミケンシ,3111,,,,31110
,ＵＮＩＶＡ・ＯａｋＨＬＤＧ,3113,,,,31130
,マーチャント・バンカーズ,3121,,,,31210
,サイボー,3123,,,,31230
,シンデン・ハイテックス,3131,,,,31310
,海帆,3133,,,,31330
,マーケットエンタープライズ,3135,,,,31350
,ファンデリー,3137,,,,31370
,富士山マガジンサービス,3138,,,,31380
,ＢＲＵＮＯ,3140,,,,31400
,オーウイル,3143,,,,31430
,ジオリーブグループ,3157,,,,31570
,丸善ＣＨＩ　ＨＬＤＧ,3159,,,,31590
,大光,3160,,,,31600
,アゼアス,3161,,,,31610
,ＯＣＨＩ　ＨＬＤＧ,3166,,,,31660
,ＭＥＲＦ,3168,,,,31680
,ミサワ,3169,,,,31690
,ティーライフ,3172,,,,31720
,Ｃｏｍｉｎｉｘ,3173,,,,31730
,ハピネス・アンド・ディ,3174,,,,31740
,エー・ピーＨＬＤＧ,3175,,,,31750
,ありがとうサービス,3177,,,,31770
,チムニー,3178,,,,31780
,買取王国,3181,,,,31810
,ＩＣＤＡ　ＨＬＤＧ,3184,,,,31840
,夢展望,3185,,,,31850
,ミラタップ,3187,,,,31870
,ＡＮＡＰ　ＨＬＤＧ,3189,,,,31890
,ホットマン,3190,,,,31900
,白鳩,3192,,,,31920
,ジェネレーションパス,3195,,,,31950
,技術承継機構,319A,,,,319A0
,ダイトウボウ,3202,,,,32020
,トーア紡コーポレーション,3204,,,,32040
,ダイドーリミテッド,3205,,,,32050
,エスエルディー,3223,,,,32230
,ゼネラル・オイスター,3224,,,,32240
,プロパスト,3236,,,,32360
,イントランス,3237,,,,32370
,セントラル総合開発,3238,,,,32380
,フライヤー,323A,,,,323A0
,ウィル,3241,,,,32410
,アーバネットコーポレーション,3242,,,,32420
,コーセーアールイー,3246,,,,32460
,アールエイジ,3248,,,,32480
,ブッキングリゾート,324A,,,,324A0
,ＴＥＮＴＩＡＬ,325A,,,,325A0
,グランディーズ,3261,,,,32610
,ファンドクリエーショングループ,3266,,,,32660
,ＴＨＥグローバル社,3271,,,,32710
,サンセイランディック,3277,,,,32770
,エストラスト,3280,,,,32800
,トラストＨＬＤＧ,3286,,,,32860
,アズマハウス,3293,,,,32930
,イーグランド,3294,,,,32940
,東武住販,3297,,,,32970
,ムゲンエステート,3299,,,,32990
,アンビション　ＤＸ　ＨＬＤＧ,3300,,,,33000
,日本製麻,3306,,,,33060
,ＴａｌｅｎｔＸ,330A,,,,330A0
,フライングガーデン,3317,,,,33170
,メディックス,331A,,,,331A0
,クロスプラス,3320,,,,33200
,ミタチ産業,3321,,,,33210
,レカム,3323,,,,33230
,ランシステム,3326,,,,33260
,東和フードサービス,3329,,,,33290
,ミーク,332A,,,,332A0
,ビジュアル・プロセッシング・ジ,334A,,,,334A0
,メタプラネット,3350,,,,33500
,バッファロー,3352,,,,33520
,メディカル一光グループ,3353,,,,33530
,クリヤマＨＬＤＧ,3355,,,,33550
,ワイエスフード,3358,,,,33580
,ｃｏｔｔａ,3359,,,,33590
,ミライロ,335A,,,,335A0
,トーエル,3361,,,,33610
,ダイナミックマッププラットフォ,336A,,,,336A0
,フジタコーポレーション,3370,,,,33700
,関門海,3372,,,,33720
,内外テック,3374,,,,33740
,ＺＯＡ,3375,,,,33750
,バイク王＆カンパニー,3377,,,,33770
,コスモ・バイオ,3386,,,,33860
,ＺｅｎｍｕＴｅｃｈ,338A,,,,338A0
,デリカフーズＨＬＤＧ,3392,,,,33920
,スターティアＨＬＤＧ,3393,,,,33930
,フェリシモ,3396,,,,33960
,丸千代山岡家,3399,,,,33990
,プログレス・テクノロジーズ,339A,,,,339A0
,北紡,3409,,,,34090
,ジグザグ,340A,,,,340A0
,ピクスタ,3416,,,,34160
,大木ヘルスケアＨＬＤＧ,3417,,,,34170
,バルニバービ,3418,,,,34180
,トヨコー,341A,,,,341A0
,ケー・エフ・シー,3420,,,,34200
,Ｊ−ＭＡＸ,3422,,,,34220
,エスイー,3423,,,,34230
,アトムリビンテック,3426,,,,34260
,アルファＣｏ,3434,,,,34340
,サンコーテクノ,3435,,,,34350
,特殊電極,3437,,,,34370
,三ツ知,3439,,,,34390
,ＩＡＣＥトラベル,343A,,,,343A0
,日創グループ,3440,,,,34400
,山王,3441,,,,34410
,菊池製作所,3444,,,,34440
,ジェイテックコーポレーション,3446,,,,34460
,信和,3447,,,,34470
,テクノフレックス,3449,,,,34490
,ビーロット,3452,,,,34520
,ファーストブラザーズ,3454,,,,34540
,パルマ,3461,,,,34610
,アグレ都市デザイン,3467,,,,34670
,デュアルタップ,3469,,,,34690
,Ｇ―ＦＡＣＴＯＲＹ,3474,,,,34740
,フォーライフ,3477,,,,34770
,ティーケーピー,3479,,,,34790
,イノベーションＨＬＤＧ,3484,,,,34840
,グローバル・リンク・マネジメン,3486,,,,34860
,フェイスネットワーク,3489,,,,34890
,アズ企画設計,3490,,,,34900
,ＧＡ　ｔｅｃｈｎｏｌｏｇｉｅｓ,3491,,,,34910
,マリオン,3494,,,,34940
,香陵住販,3495,,,,34950
,アズーム,3496,,,,34960
,ＬｅＴｅｃｈ,3497,,,,34970
,ＳＵＭＩＮＯＥ,3501,,,,35010
,デジタルグリッド,350A,,,,350A0
,日本フエルト,3512,,,,35120
,イチカワ,3513,,,,35130
,エコナックＨＬＤＧ,3521,,,,35210
,日東製網,3524,,,,35240
,芦森工業,3526,,,,35260
,アツギ,3529,,,,35290
,ＬＯＩＶＥ,352A,,,,352A0
,アクサスＨＬＤＧ,3536,,,,35360
,昭栄薬品,3537,,,,35370
,ウイルプラスＨＬＤＧ,3538,,,,35380
,歯愛メディカル,3540,,,,35400
,農業総合研究所,3541,,,,35410
,ベガコーポレーション,3542,,,,35420
,サツドラＨＬＤＧ,3544,,,,35440
,スタジオアタオ,3550,,,,35500
,ダイニック,3551,,,,35510
,共和レザー,3553,,,,35530
,リネットジャパングループ,3556,,,,35560
,ユナイテッド＆コレクティブ,3557,,,,35570
,ジェイドグループ,3558,,,,35580
,ピーバンドットコム,3559,,,,35590
,ほぼ日,3560,,,,35600
,Ｎｏ．１,3562,,,,35620
,ユニフォームネクスト,3566,,,,35660
,ソトー,3571,,,,35710
,東海染工,3577,,,,35770
,オーベクス,3583,,,,35830
,自重堂,3597,,,,35970
,山喜,3598,,,,35980
,フジックス,3600,,,,36000
,クラウディアＨＬＤＧ,3607,,,,36070
,マツオカコーポレーション,3611,,,,36110
,ネットイヤーグループ,3622,,,,36220
,ビリングシステム,3623,,,,36230
,アクセルマーク,3624,,,,36240
,テックファームＨＬＤＧ,3625,,,,36250
,テクミラＨＬＤＧ,3627,,,,36270
,データホライゾン,3628,,,,36280
,ソケッツ,3634,,,,36340
,ボルテージ,3639,,,,36390
,電算,3640,,,,36400
,パピレス,3641,,,,36410
,メディカルネット,3645,,,,36450
,駅探,3646,,,,36460
,ジー・スリーＨＬＤＧ,3647,,,,36470
,ＡＧＳ,3648,,,,36480
,ディジタルメディアプロ,3652,,,,36520
,モルフォ,3653,,,,36530
,伊澤タオル,365A,,,,365A0
,モブキャストＨＬＤＧ,3664,,,,36640
,ｅｎｉｓｈ,3667,,,,36670
,ウェルネス・コミュニケーション,366A,,,,366A0
,協立情報通信,3670,,,,36700
,ソフトマックス,3671,,,,36710
,オルトプラス,3672,,,,36720
,オークファン,3674,,,,36740
,クロス・マーケティンググループ,3675,,,,36750
,プリモグローバルＨＬＤＧ,367A,,,,367A0
,ホットリンク,3680,,,,36800
,エンカレッジ・テクノロジ,3682,,,,36820
,サイバーリンクス,3683,,,,36830
,ディー・エル・イー,3686,,,,36860
,北里,368A,,,,368A0
,イルグルム,3690,,,,36900
,デジタルプラス,3691,,,,36910
,ＦＦＲＩセキュリティ,3692,,,,36920
,ＧＭＯリサーチ＆ＡＩ,3695,,,,36950
,ＣＲＩ・ミドルウェア,3698,,,,36980
,エータイ,369A,,,,369A0
,ジョルダン,3710,,,,37100
,情報企画,3712,,,,37120
,ＡＩストーム,3719,,,,37190
,日本ファルコム,3723,,,,37230
,フォーシーズＨＤ,3726,,,,37260
,アプリックス,3727,,,,37270
,レント,372A,,,,372A0
,ソフトウェア・サービス,3733,,,,37330
,リップス,373A,,,,373A0
,サイオス,3744,,,,37440
,インタートレード,3747,,,,37470
,ＡＤＲ１２０Ｓ,3750,,,,37500
,フライトソリューションズ,3753,,,,37530
,アエリア,3758,,,,37580
,ケイブ,3760,,,,37600
,システムズ・デザイン,3766,,,,37660
,リスクモンスター,3768,,,,37680
,ザッパラス,3770,,,,37700
,ウェルス・マネジメント,3772,,,,37720
,アドバンスト・メディア,3773,,,,37730
,ブロードバンドタワー,3776,,,,37760
,環境フレンドリーＨＬＤＧ,3777,,,,37770
,ジェイ・エスコムＨＬＤＧ,3779,,,,37790
,テクノマセマティカル,3787,,,,37870
,ヒット,378A,,,,378A0
,ＩＧポート,3791,,,,37910
,ドリコム,3793,,,,37930
,いい生活,3796,,,,37960
,ＵＬＳグループ,3798,,,,37980
,キーウェアソリューションズ,3799,,,,37990
,ユニリタ,3800,,,,38000
,エコミック,3802,,,,38020
,イメージ情報開発,3803,,,,38030
,システム　ディ,3804,,,,38040
,フィスコ,3807,,,,38070
,サイバーステップ,3810,,,,38100
,アルファクス・フード・システム,3814,,,,38140
,メディア工房,3815,,,,38150
,大和コンピューター,3816,,,,38160
,ＴＨＥ　ＷＨＹ　ＨＯＷ　ＤＯ,3823,,,,38230
,リミックスポイント,3825,,,,38250
,システムインテグレータ,3826,,,,38260
,ＯＤＫソリューションズ,3839,,,,38390
,パス,3840,,,,38400
,ジーダット,3841,,,,38410
,ネクストジェン,3842,,,,38420
,アイフリークモバイル,3845,,,,38450
,パシフィックシステム,3847,,,,38470
,データ・アプリケーション,3848,,,,38480
,エヌ・ティ・ティ・データ・イン,3850,,,,38500
,日本一ソフトウェア,3851,,,,38510
,Ａｂａｌａｎｃｅ,3856,,,,38560
,ユビキタスＡＩ,3858,,,,38580
,三菱製紙,3864,,,,38640
,みのや,386A,,,,386A0
,中越パルプ工業,3877,,,,38770
,巴川,3878,,,,38780
,フラー,387A,,,,387A0
,ニッポン高度紙工業,3891,,,,38910
,岡山製紙,3892,,,,38920
,ハビックス,3895,,,,38950
,阿波製紙,3896,,,,38960
,クラウドワークス,3900,,,,39000
,カヤック,3904,,,,39040
,データセクション,3905,,,,39050
,シリコンスタジオ,3907,,,,39070
,コラボス,3908,,,,39080
,ショーケース,3909,,,,39090
,エムケイシステム,3910,,,,39100
,Ａｉｍｉｎｇ,3911,,,,39110
,モバイルファクトリー,3912,,,,39120
,ＧｒｅｅｎＢｅｅ,3913,,,,39130
,ＪＩＧ―ＳＡＷ,3914,,,,39140
,アイリッジ,3917,,,,39170
,ＰＣＩ　ＨＬＤＧ,3918,,,,39180
,アイビーシー,3920,,,,39200
,ランドコンピュータ,3924,,,,39240
,フーバーブレイン,3927,,,,39270
,マイネット,3928,,,,39280
,ソーシャルワイヤー,3929,,,,39290
,はてな,3930,,,,39300
,バリューゴルフ,3931,,,,39310
,チエル,3933,,,,39330
,ベネフィットジャパン,3934,,,,39340
,エディア,3935,,,,39350
,グローバルウェイ,3936,,,,39360
,ノムラシステムコーポレーション,3940,,,,39400
,大石産業,3943,,,,39430
,古林紙工,3944,,,,39440
,スーパーバッグ,3945,,,,39450
,ダイナパック,3947,,,,39470
,光ビジネスフォーム,3948,,,,39480
,朝日印刷,3951,,,,39510
,大村紙業,3953,,,,39530
,昭和パックス,3954,,,,39540
,イムラ,3955,,,,39550
,笹徳印刷,3958,,,,39580
,シルバーエッグ・テクノロジー,3961,,,,39610
,シンクロ・フード,3963,,,,39630
,キャピタル・アセット・プランニ,3965,,,,39650
,エルテス,3967,,,,39670
,セグエグループ,3968,,,,39680
,エイトレッド,3969,,,,39690
,イノベーション,3970,,,,39700
,ＳＣＡＴ,3974,,,,39740
,シャノン,3976,,,,39760
,うるる,3979,,,,39790
,ビーグリー,3981,,,,39810
,テモナ,3985,,,,39850
,ビーブレイクシステムズ,3986,,,,39860
,エコモット,3987,,,,39870
,ＳＹＳ　ＨＬＤＧ,3988,,,,39880
,シェアリングテクノロジー,3989,,,,39890
,ウォンテッドリー,3991,,,,39910
,ニーズウェル,3992,,,,39920
,サインポスト,3996,,,,39960
,トレードワークス,3997,,,,39970
,すららネット,3998,,,,39980
,ヘッドウォータース,4011,,,,40110
,アクシス,4012,,,,40120
,勤次郎,4013,,,,40130
,カラダノート,4014,,,,40140
,ペイクラウドＨＬＤＧ,4015,,,,40150
,ＭＩＴ　ＨＬＤＧ,4016,,,,40160
,クリーマ,4017,,,,40170
,スタメン,4019,,,,40190
,ビートレンド,4020,,,,40200
,神島化学工業,4026,,,,40260
,アクセルスペースＨＬＤＧ,402A,,,,402A0
,片倉コープアグリ,4031,,,,40310
,南海化学,4040,,,,40400
,ＧＭＯ　フィナンシャルゲート,4051,,,,40510
,フィーチャ,4052,,,,40520
,日本情報クリエイト,4054,,,,40540
,ティアンドエスグループ,4055,,,,40550
,ニューラルグループ,4056,,,,40560
,インターファクトリー,4057,,,,40570
,トヨクモ,4058,,,,40580
,まぐまぐ,4059,,,,40590
,ｒａｋｕｍｏ,4060,,,,40600
,ベイシス,4068,,,,40680
,ＢｌｕｅＭｅｍｅ,4069,,,,40690
,ジィ・シィ企画,4073,,,,40730
,ラキール,4074,,,,40740
,ブレインズテクノロジー,4075,,,,40750
,シイエヌエス,4076,,,,40760
,田中化学研究所,4080,,,,40800
,東邦アセチレン,4093,,,,40930
,日本化学産業,4094,,,,40940
,チタン工業,4098,,,,40980
,丸尾カルシウム,4102,,,,41020
,伊勢化学工業,4107,,,,41070
,田岡化学工業,4113,,,,41130
,日本ピグメントＨＬＤＧ,4119,,,,41190
,スガイ化学工業,4120,,,,41200
,大阪油化工業,4124,,,,41240
,三和油化工業,4125,,,,41250
,プレイド,4165,,,,41650
,かっこ,4166,,,,41660
,ココペリ,4167,,,,41670
,ヤプリ,4168,,,,41680
,ＥＮＥＣＨＡＮＧＥ,4169,,,,41690
,Ｋａｉｚｅｎ　Ｐｌａｔｆｏｒｍ,4170,,,,41700
,グローバルインフォメーション,4171,,,,41710
,東和ハイシステム,4172,,,,41720
,アピリッツ,4174,,,,41740
,ｃｏｌｙ,4175,,,,41750
,ココナラ,4176,,,,41760
,Ｉ−ＰＬＵＧ,4177,,,,41770
,Ｓｈａｒｉｎｇ　Ｉｎｎｏｖａｔ,4178,,,,41780
,ジーネクスト,4179,,,,41790
,スパイダープラス,4192,,,,41920
,ファブリカＨＬＤＧ,4193,,,,41930
,ネオマーケティング,4196,,,,41960
,アスマーク,4197,,,,41970
,テンダ,4198,,,,41980
,ワンダープラネット,4199,,,,41990
,児玉化学工業,4222,,,,42220
,ロンシール工業,4224,,,,42240
,タイガースポリマー,4231,,,,42310
,サンエー化研,4234,,,,42340
,ウルトラファブリックスＨＬＤＧ,4235,,,,42350
,フジプレアム,4237,,,,42370
,ミライアル,4238,,,,42380
,クラスターテクノロジー,4240,,,,42400
,アテクト,4241,,,,42410
,タカギセイコー,4242,,,,42420
,ニックス,4243,,,,42430
,ダイキアクシス,4245,,,,42450
,ポバール興業,4247,,,,42470
,竹本容器,4248,,,,42480
,ＴＨＥＣＯＯ,4255,,,,42550
,サインド,4256,,,,42560
,網屋,4258,,,,42580
,エクサウィザーズ,4259,,,,42590
,ハイブリッドテクノロジーズ,4260,,,,42600
,アジアクエスト,4261,,,,42610
,ニフティライフスタイル,4262,,,,42620
,サスメド,4263,,,,42630
,セキュア,4264,,,,42640
,Ｉｎｓｔｉｔｕｔｉｏｎ　ｆｏｒ,4265,,,,42650
,ＢｅｅＸ,4270,,,,42700
,細谷火工,4274,,,,42740
,ソルクシーズ,4284,,,,42840
,ジャストプランニング,4287,,,,42870
,アズジェント,4288,,,,42880
,セプテーニＨＬＤＧ,4293,,,,42930
,Ｊストリーム,4308,,,,43080
,ビーマップ,4316,,,,43160
,レイ,4317,,,,43170
,ＴＡＣ,4319,,,,43190
,ＣＥ　ＨＬＤＧ,4320,,,,43200
,ユークス,4334,,,,43340
,ＩＰＳ　ＨＬＤＧ,4335,,,,43350
,西菱電機,4341,,,,43410
,ＮＥＸＹＺ．Ｇｒｏｕｐ,4346,,,,43460
,ブロードメディア,4347,,,,43470
,山田再生系債権回収総合事務所,4351,,,,43510
,応用技術,4356,,,,43560
,マナック・ケミカル・パートナー,4360,,,,43600
,川口化学工業,4361,,,,43610
,松本油脂製薬,4365,,,,43650
,ダイトーケミックス,4366,,,,43660
,広栄化学,4367,,,,43670
,モビルス,4370,,,,43700
,コアコンセプト・テクノロジー,4371,,,,43710
,ユミルリンク,4372,,,,43720
,ＲＯＢＯＴ ＰＡＹＭＥＮＴ,4374,,,,43740
,セーフィー,4375,,,,43750
,くふうカンパニーＨＬＤＧ,4376,,,,43760
,ワンキャリア,4377,,,,43770
,ＣＩＮＣ,4378,,,,43780
,Ｐｈｏｔｏｓｙｎｔｈ,4379,,,,43790
,Ｍマート,4380,,,,43800
,ビープラッツ,4381,,,,43810
,ＳＩＧグループ,4386,,,,43860
,ＺＵＵ,4387,,,,43870
,エーアイ,4388,,,,43880
,プロパティデータバンク,4389,,,,43890
,ロジザード,4391,,,,43910
,ＦＩＧ,4392,,,,43920
,バンク・オブ・イノベーション,4393,,,,43930
,エクスモーション,4394,,,,43940
,アクリート,4395,,,,43950
,チームスピリット,4397,,,,43970
,ブロードバンドセキュリティ,4398,,,,43980
,ミヨシ油脂,4404,,,,44040
,新日本理化,4406,,,,44060
,東邦化学工業,4409,,,,44090
,サイエンスアーツ,4412,,,,44120
,フレクト,4414,,,,44140
,ブロードエンタープライズ,4415,,,,44150
,Ｔｒｕｅ　Ｄａｔａ,4416,,,,44160
,グローバルセキュリティエキスパ,4417,,,,44170
,ＪＤＳＣ,4418,,,,44180
,ＦｉｎａｔｅｘｔＨＬＤＧ,4419,,,,44190
,ディ・アイ・システム,4421,,,,44210
,ＶＡＬＵＥＮＥＸ,4422,,,,44220
,Ａｍａｚｉａ,4424,,,,44240
,Ｋｕｄａｎ,4425,,,,44250
,ＥｄｕＬａｂ,4427,,,,44270
,シノプス,4428,,,,44280
,リックソフト,4429,,,,44290
,東海ソフト,4430,,,,44300
,スマレジ,4431,,,,44310
,ミンカブ・ジ・インフォノイド,4436,,,,44360
,ｇｏｏｄｄａｙｓ　ＨＬＤＧ,4437,,,,44370
,Ｗｅｌｂｙ,4438,,,,44380
,東名,4439,,,,44390
,ヴィッツ,4440,,,,44400
,トビラシステムズ,4441,,,,44410
,バルテス・ＨＬＤＧ,4442,,,,44420
,インフォネット,4444,,,,44440
,リビン・テクノロジーズ,4445,,,,44450
,Ｌｉｎｋ−Ｕグループ,4446,,,,44460
,ピー・ビーシステムズ,4447,,,,44470
,ｋｕｂｅｌｌ,4448,,,,44480
,パワーソリューションズ,4450,,,,44500
,日華化学,4463,,,,44630
,ソフト９９コーポレーション,4464,,,,44640
,ニイタカ,4465,,,,44650
,ＨＥＮＮＧＥ,4475,,,,44750
,ＡＩ　ＣＲＯＳＳ,4476,,,,44760
,ＢＡＳＥ,4477,,,,44770
,フリー,4478,,,,44780
,マクアケ,4479,,,,44790
,ウィルズ,4482,,,,44820
,ランサーズ,4484,,,,44840
,ユナイトアンドグロウ,4486,,,,44860
,スペースマーケット,4487,,,,44870
,ＡＩ　ｉｎｓｉｄｅ,4488,,,,44880
,ビザスク,4490,,,,44900
,コンピューターマネージメント,4491,,,,44910
,ゼネテック,4492,,,,44920
,サイバーセキュリティクラウド,4493,,,,44930
,バリオセキュア,4494,,,,44940
,アイキューブドシステムズ,4495,,,,44950
,コマースＯｎｅ　ＨＬＤＧ,4496,,,,44960
,サイバートラスト,4498,,,,44980
,Ｓｐｅｅｅ,4499,,,,44990
,わかもと製薬,4512,,,,45120
,森下仁丹,4524,,,,45240
,有機合成薬品工業,4531,,,,45310
,日本ケミファ,4539,,,,45390
,カイノス,4556,,,,45560
,中京医薬品,4558,,,,45580
,アンジェス,4563,,,,45630
,オンコセラピー・サイエンス,4564,,,,45640
,免疫生物研究所,4570,,,,45700
,ＮＡＮＯ　ＭＲＮＡ,4571,,,,45710
,カルナバイオサイエンス,4572,,,,45720
,キャンバス,4575,,,,45750
,デ・ウエスタン・セラピテクス,4576,,,,45760
,ラクオリア創薬,4579,,,,45790
,シンバイオ製薬,4582,,,,45820
,カイオム・バイオサイエンス,4583,,,,45830
,キッズウェル・バイオ,4584,,,,45840
,メドレックス,4586,,,,45860
,オンコリスバイオファーマ,4588,,,,45880
,リボミック,4591,,,,45910
,サンバイオ,4592,,,,45920
,ヘリオス,4593,,,,45930
,ブライトパス・バイオ,4594,,,,45940
,ミズホメディー,4595,,,,45950
,窪田製薬ＨＬＤＧ,4596,,,,45960
,ソレイジア・ファーマ,4597,,,,45970
,Ｄｅｌｔａ―Ｆｌｙ　Ｐｈａｒｍ,4598,,,,45980
,ステムリム,4599,,,,45990
,神東塗料,4615,,,,46150
,川上塗料,4616,,,,46160
,日本特殊塗料,4619,,,,46190
,アサヒペン,4623,,,,46230
,イサム塗料,4624,,,,46240
,アトミクス,4625,,,,46250
,ナトコ,4627,,,,46270
,エスケー化研,4628,,,,46280
,大伸化学,4629,,,,46290
,東京インキ,4635,,,,46350
,オリジナル設計,4642,,,,46420
,イマジニア,4644,,,,46440
,市進ＨＬＤＧ,4645,,,,46450
,ＳＤエンターテイメント,4650,,,,46500
,環境管理センター,4657,,,,46570
,エイジス,4659,,,,46590
,アール・エス・シー,4664,,,,46640
,アイサンテクノロジー,4667,,,,46670
,川崎地質,4673,,,,46730
,秀英予備校,4678,,,,46780
,田谷,4679,,,,46790
,菱友システムズ,4685,,,,46850
,日本パレットプール,4690,,,,46900
,ワシントンホテル,4691,,,,46910
,クリップコーポレーション,4705,,,,47050
,キタック,4707,,,,47070
,ＫｅｙＨｏｌｄｅｒ,4712,,,,47120
,城南進学研究社,4720,,,,47200
,トーセ,4728,,,,47280
,京進,4735,,,,47350
,日本ラッド,4736,,,,47360
,ダイサン,4750,,,,47500
,昭和システムエンジニアリング,4752,,,,47520
,トスネット,4754,,,,47540
,アルファ,4760,,,,47600
,さくらケーシーエス,4761,,,,47610
,エックスネット,4762,,,,47620
,ピーエイ,4766,,,,47660
,ＩＣ,4769,,,,47690
,エフアンドエム,4771,,,,47710
,ＳＭ　ＥＮＴＥＲＴＡＩＮＭＥＮ,4772,,,,47720
,ガーラ,4777,,,,47770
,ＮＣＤ,4783,,,,47830
,オリコン,4800,,,,48000
,ドリーム・アーツ,4811,,,,48110
,ネクストウェア,4814,,,,48140
,東映アニメーション,4816,,,,48160
,日本エンタープライズ,4829,,,,48290
,ＪＦＥシステムズ,4832,,,,48320
,Ｄｅｆ　ｃｏｎｓｕｌｔｉｎｇ,4833,,,,48330
,スペースシャワーＳＫＩＹＡＫＩ,4838,,,,48380
,トライアイズ,4840,,,,48400
,インテリジェント　ウェイブ,4847,,,,48470
,メディシノバ,4875,,,,48750
,ファンペップ,4881,,,,48810
,ペルセウスプロテオミクス,4882,,,,48820
,モダリス,4883,,,,48830
,クリングルファーマ,4884,,,,48840
,室町ケミカル,4885,,,,48850
,ステラファーマ,4888,,,,48880
,レナサイエンス,4889,,,,48890
,坪田ラボ,4890,,,,48900
,ティムス,4891,,,,48910
,サイフューズ,4892,,,,48920
,ノイルイミューン・バイオ,4893,,,,48930
,クオリプス,4894,,,,48940
,ケイファーマ,4896,,,,48960
,アイビー化粧品,4918,,,,49180
,日本色材工業研究所,4920,,,,49200
,ハーバー研究所,4925,,,,49250
,シーボン,4926,,,,49260
,アジュバンＨＬＤＧ,4929,,,,49290
,アルマード,4932,,,,49320
,プレミアアンチエイジング,4934,,,,49340
,リベルタ,4935,,,,49350
,Ｗａｑｏｏ,4937,,,,49370
,ヤスハラケミカル,4957,,,,49570
,ケミプロ化成,4960,,,,49600
,上村工業,4966,,,,49660
,東洋合成工業,4970,,,,49700
,綜研化学,4972,,,,49720
,東洋ドライルーブ,4976,,,,49760
,新田ゼラチン,4977,,,,49770
,リプロセル,4978,,,,49780
,昭和化学工業,4990,,,,49900
,フマキラー,4998,,,,49980
,富士興産,5009,,,,50090
,日本精蝋,5010,,,,50100
,ビーピー・カストロール,5015,,,,50150
,ＭＯＲＥＳＣＯ,5018,,,,50180
,マーキュリー,5025,,,,50250
,トリプルアイズ,5026,,,,50260
,ＡｎｙＭｉｎｄ　Ｇｒｏｕｐ,5027,,,,50270
,セカンドサイトアナリティカ,5028,,,,50280
,サークレイス,5029,,,,50290
,モイ,5031,,,,50310
,ヌーラボ,5033,,,,50330
,ｕｎｅｒｒｙ,5034,,,,50340
,ＨＯＵＳＥＩ,5035,,,,50350
,日本ビジネスシステムズ,5036,,,,50360
,ｅＷｅＬＬ,5038,,,,50380
,ドラフト,5070,,,,50700
,ヴィス,5071,,,,50710
,セレ,5078,,,,50780
,ノバック,5079,,,,50790
,昭和ＨＬＤＧ,5103,,,,51030
,ファインズ,5125,,,,51250
,ポーターズ,5126,,,,51260
,ＦＩＸＥＲ,5129,,,,51290
,リンカーズ,5131,,,,51310
,ｐｌｕｓｚｅｒｏ,5132,,,,51320
,テリロジーＨＬＤＧ,5133,,,,51330
,ＰＯＰＥＲ,5134,,,,51340
,ｔｒｉｐｌａ,5136,,,,51360
,スマートドライブ,5137,,,,51370
,Ｒｅｂａｓｅ,5138,,,,51380
,オープンワーク,5139,,,,51390
,西川ゴム工業,5161,,,,51610
,朝日ラバー,5162,,,,51620
,ニチリン,5184,,,,51840
,クリエートメディック,5187,,,,51870
,櫻護謨,5189,,,,51890
,相模ゴム工業,5194,,,,51940
,不二ラテックス,5199,,,,51990
,石塚硝子,5204,,,,52040
,日本山村硝子,5210,,,,52100
,倉元製作所,5216,,,,52160
,ノザワ,5237,,,,52370
,ｍｏｎｏＡＩ　ｔｅｃｈｎｏｌｏ,5240,,,,52400
,アイズ,5242,,,,52420
,ｎｏｔｅ,5243,,,,52430
,ｊｉｇ．ｊｐ,5244,,,,52440
,ＥＬＥＭＥＮＴＳ,5246,,,,52460
,ＢＴＭ,5247,,,,52470
,テクノロジーズ,5248,,,,52480
,プライム・ストラテジー,5250,,,,52500
,日本ナレッジ,5252,,,,52520
,カバー,5253,,,,52530
,Ａｒｅｎｔ,5254,,,,52540
,モンスターラボ,5255,,,,52550
,Ｆｕｓｉｃ,5256,,,,52560
,ノバシステム,5257,,,,52570
,トランザクション・メディア・,5258,,,,52580
,ＢＢＤイニシアティブ,5259,,,,52590
,リソルＨＬＤＧ,5261,,,,52610
,旭コンクリート工業,5268,,,,52680
,トーヨーアサノ,5271,,,,52710
,日本興業,5279,,,,52790
,ヨシコン,5280,,,,52800
,ジオスター,5282,,,,52820
,高見澤,5283,,,,52830
,ヤマウＨＬＤＧ,5284,,,,52840
,ヤマックス,5285,,,,52850
,イトーヨーギョー,5287,,,,52870
,ベルテクスコーポレーション,5290,,,,52900
,ＳＥＣカーボン,5304,,,,53040
,ダントーＨＬＤＧ,5337,,,,53370
,ＡＳＡＨＩ　ＥＩＴＯＨＬＤＧ,5341,,,,53410
,日本坩堝,5355,,,,53550
,美濃窯業,5356,,,,53560
,東京窯業,5363,,,,53630
,ニッカトー,5367,,,,53670
,日本インシュレーション,5368,,,,53680
,新東,5380,,,,53800
,Ｍｉｐｏｘ,5381,,,,53810
,鶴弥,5386,,,,53860
,クニミネ工業,5388,,,,53880
,エーアンドエーマテリアル,5391,,,,53910
,北越メタル,5446,,,,54460
,高砂鐵工,5458,,,,54580
,日本高周波鋼業,5476,,,,54760
,東北特殊鋼,5484,,,,54840
,日本金属,5491,,,,54910
,ｐｒｏｐｅｒｔｙ　ｔｅｃｈｎｏ,5527,,,,55270
,リアルゲイト,5532,,,,55320
,エリッツＨＬＤＧ,5533,,,,55330
,ミガロＨＬＤＧ,5535,,,,55350
,新報国マテリアル,5542,,,,55420
,ジェノバ,5570,,,,55700
,エキサイトＨＬＤＧ,5571,,,,55710
,Ｒｉｄｇｅ−ｉ,5572,,,,55720
,ＡＢＥＪＡ,5574,,,,55740
,Ｇｌｏｂｅｅ,5575,,,,55750
,オービーシステム,5576,,,,55760
,アイデミー,5577,,,,55770
,ＡＲアドバンストテクノロジ,5578,,,,55780
,プロディライト,5580,,,,55800
,グリッド,5582,,,,55820
,Ｌａｂｏｒｏ．ＡＩ,5586,,,,55860
,インバウンドプラットフォーム,5587,,,,55870
,ファーストアカウンティング,5588,,,,55880
,オートサーバー,5589,,,,55890
,ネットスターズ,5590,,,,55900
,ＡＶＩＬＥＮ,5591,,,,55910
,くすりの窓口,5592,,,,55920
,ＱＰＳ研究所,5595,,,,55950
,アウトルックコンサルティング,5596,,,,55960
,ブルーイノベーション,5597,,,,55970
,Ｓ＆Ｊ,5599,,,,55990
,虹技,5603,,,,56030
,日本鋳造,5609,,,,56090
,日本鋳鉄管,5612,,,,56120
,雨風太陽,5616,,,,56160
,ナイル,5618,,,,56180
,マーソ,5619,,,,56190
,ヒューマンテクノロジーズ,5621,,,,56210
,メタルアート,5644,,,,56440
,日亜鋼業,5658,,,,56580
,神鋼鋼線工業,5660,,,,56600
,パウダーテック,5695,,,,56950
,サンユウ,5697,,,,56970
,イボキン,5699,,,,56990
,ＪＭＣ,5704,,,,57040
,エス・サイエンス,5721,,,,57210
,アサカ理研,5724,,,,57240
,日本精鉱,5729,,,,57290
,エヌアイシ・オートテック,5742,,,,57420
,日本伸銅,5753,,,,57530
,オーナンバ,5816,,,,58160
,ＪＭＡＣＳ,5817,,,,58170
,カナレ電気,5819,,,,58190
,三ッ星,5820,,,,58200
,ＳＢＩリーシングサービス,5834,,,,58340
,インテグラル,5842,,,,58420
,ニッポンインシュア,5843,,,,58430
,全保連,5845,,,,58450
,アーレスティ,5852,,,,58520
,エルアイイーエイチ,5856,,,,58560
,ＳＴＧ,5858,,,,58580
,エスネットワークス,5867,,,,58670
,ロココ,5868,,,,58680
,早稲田学習研究会,5869,,,,58690
,ナルネットコミュニケーションズ,5870,,,,58700
,ＳＯＬＩＺＥ　ＨＬＤＧ,5871,,,,58710
,クラダシ,5884,,,,58840
,ジーデップ・アドバンス,5885,,,,58850
,ＤＡＩＷＡ　ＣＹＣＬＥ,5888,,,,58880
,Ｊａｐａｎ　Ｅｙｅｗｅａｒ　Ｈ,5889,,,,58890
,魁力屋,5891,,,,58910
,ｙｕｔｏｒｉ,5892,,,,58920
,ダイケン,5900,,,,59000
,シンポ,5903,,,,59030
,日本製罐,5905,,,,59050
,エムケー精工,5906,,,,59060
,駒井ハルテック,5915,,,,59150
,瀧上工業,5918,,,,59180
,川岸工業,5921,,,,59210
,那須電機鉄工,5922,,,,59220
,高田機工,5923,,,,59230
,アルメタックス,5928,,,,59280
,東洋シヤッター,5936,,,,59360
,大谷工業,5939,,,,59390
,不二サッシ,5940,,,,59400
,中西製作所,5941,,,,59410
,日本フイルコン,5942,,,,59420
,天龍製鋸,5945,,,,59450
,日本パワーファスニング,5950,,,,59500
,ダイニチ工業,5951,,,,59510
,アマテイ,5952,,,,59520
,ワイズＨＬＤＧ,5955,,,,59550
,トーソー,5956,,,,59560
,三洋工業,5958,,,,59580
,浅香工業,5962,,,,59620
,フジマック,5965,,,,59650
,京都機械工具,5966,,,,59660
,ＴＯＮＥ,5967,,,,59670
,ロブテックス,5969,,,,59690
,共和工業所,5971,,,,59710
,トーアミ,5973,,,,59730
,中国工業,5974,,,,59740
,マルゼン,5982,,,,59820
,イワブチ,5983,,,,59830
,兼房,5984,,,,59840
,モリテック　スチール,5986,,,,59860
,オーネックス,5987,,,,59870
,スーパーツール,5990,,,,59900
,ファインシンター,5994,,,,59940
,協立エアテック,5997,,,,59970
,アドバネクス,5998,,,,59980
,ジャパンエンジン,6016,,,,60160
,阪神内燃機工業,6018,,,,60180
,赤阪鐵工所,6022,,,,60220
,ダイハツインフィニアース,6023,,,,60230
,ＧＭＯ　ＴＥＣＨ,6026,,,,60260
,弁護士ドットコム,6027,,,,60270
,アトラグループ,6029,,,,60290
,アドベンチャー,6030,,,,60300
,ＺＥＴＡ,6031,,,,60310
,エクストリーム,6033,,,,60330
,ＭＲＴ,6034,,,,60340
,楽待,6037,,,,60370
,イード,6038,,,,60380
,日本動物高度医療センター,6039,,,,60390
,日本スキー場開発,6040,,,,60400
,ニッキ,6042,,,,60420
,三機サービス,6044,,,,60440
,レントラックス,6045,,,,60450
,リンクバル,6046,,,,60460
,デザインワン・ジャパン,6048,,,,60480
,イトクロ,6049,,,,60490
,リブセンス,6054,,,,60540
,ウチヤマＨＬＤＧ,6059,,,,60590
,こころネット,6060,,,,60600
,ユニバーサル園芸社,6061,,,,60610
,日本エマージェンシーアシスタン,6063,,,,60630
,トレンダーズ,6069,,,,60690
,地盤ネットＨＬＤＧ,6072,,,,60720
,ジェイエスエス,6074,,,,60740
,アライドアーキテクツ,6081,,,,60810
,ＥＲＩ　ＨＬＤＧ,6083,,,,60830
,アーキテクツ・スタジオ・ジャパ,6085,,,,60850
,シンメンテＨＬＤＧ,6086,,,,60860
,アビスト,6087,,,,60870
,ヒューマン・メタボローム・テク,6090,,,,60900
,ウエスコＨＬＤＧ,6091,,,,60910
,エンバイオＨＬＤＧ,6092,,,,60920
,エスクロー・エージェント・ジャ,6093,,,,60930
,フリークアウトＨＬＤＧ,6094,,,,60940
,レアジョブ,6096,,,,60960
,岡本工作機械製作所,6125,,,,61250
,小池酸素工業,6137,,,,61370
,ダイジェット工業,6138,,,,61380
,西部電機,6144,,,,61440
,ＮＩＴＴＯＫＵ,6145,,,,61450
,ヤマザキ,6147,,,,61470
,小田原エンジニアリング,6149,,,,61490
,タケダ機械,6150,,,,61500
,高松機械工業,6155,,,,61550
,エーワン精密,6156,,,,61560
,和井田製作所,6158,,,,61580
,ミクロン精密,6159,,,,61590
,エスティック,6161,,,,61610
,パンチ工業,6165,,,,61650
,中村超硬,6166,,,,61660
,土木管理総合試験所,6171,,,,61710
,アクアライン,6173,,,,61730
,ブランジスタ,6176,,,,61760
,ＡｐｐＢａｎｋ,6177,,,,61770
,ＧＭＯメディア,6180,,,,61800
,タメニー,6181,,,,61810
,メタリアル,6182,,,,61820
,ＳＭＮ,6185,,,,61850
,一蔵,6186,,,,61860
,グローバルキッズＣＯＭＰＡＮＹ,6189,,,,61890
,フェニックスバイオ,6190,,,,61900
,バーチャレクスＨＬＤＧ,6193,,,,61930
,ホープ,6195,,,,61950
,キャリア,6198,,,,61980
,豊和工業,6203,,,,62030
,石川製作所,6208,,,,62080
,ＴＯＹＯイノベックス,6210,,,,62100
,津田駒工業,6217,,,,62170
,エンシュウ,6218,,,,62180
,西部技研,6223,,,,62230
,ＪＲＣ,6224,,,,62240
,守谷輸送機工業,6226,,,,62260
,ＡＩメカテック,6227,,,,62270
,ジェイ・イー・ティ,6228,,,,62280
,オーケーエム,6229,,,,62290
,ＳＡＮＥＩ,6230,,,,62300
,木村工機,6231,,,,62310
,ＡＣＳＬ,6232,,,,62320
,ＫＬＡＳＳ,6233,,,,62330
,ナガオカ,6239,,,,62390
,ヒラノテクシード,6245,,,,62450
,テクノスマート,6246,,,,62460
,横田製作所,6248,,,,62480
,ゲームカード・ジョイコＨＬＤＧ,6249,,,,62490
,エヌ・ピー・シー,6255,,,,62550
,藤商事,6257,,,,62570
,コンバム,6265,,,,62650
,ゼネラルパッカー,6267,,,,62670
,シリウスビジョン,6276,,,,62760
,靜甲,6286,,,,62860
,カワタ,6292,,,,62920
,オカダアイヨン,6294,,,,62940
,鉱研工業,6297,,,,62970
,サンセイ,6307,,,,63070
,フロイント産業,6312,,,,63120
,丸山製作所,6316,,,,63160
,タクミナ,6322,,,,63220
,ハーモニック・ドライブ・システ,6324,,,,63240
,タカキタ,6325,,,,63250
,北川精機,6327,,,,63270
,明治機械,6334,,,,63340
,東京機械製作所,6335,,,,63350
,石井表記,6336,,,,63360
,テセック,6337,,,,63370
,タカトリ,6338,,,,63380
,太平製作所,6342,,,,63420
,フリージア・マクロス,6343,,,,63430
,キクカワエンタープライズ,6346,,,,63460
,プラコー,6347,,,,63470
,日本ギア工業,6356,,,,63560
,三精テクノロジーズ,6357,,,,63570
,東京自働機械製作所,6360,,,,63600
,電業社機械製作所,6365,,,,63650
,千代田化工建設,6366,,,,63660
,大同工業,6373,,,,63730
,オリエンタルチエン工業,6380,,,,63800
,トリニティ工業,6382,,,,63820
,昭和真空,6384,,,,63840
,加藤製作所,6390,,,,63900
,加地テック,6391,,,,63910
,ヤマダコーポレーション,6392,,,,63920
,油研工業,6393,,,,63930
,宇野澤組鐵工所,6396,,,,63960
,不二精機,6400,,,,64000
,兼松エンジニアリング,6402,,,,64020
,水道機工,6403,,,,64030
,鈴茂器工,6405,,,,64050
,小倉クラッチ,6408,,,,64080
,中野冷機,6411,,,,64110
,桂川電機,6416,,,,64160
,高見沢サイバネティックス,6424,,,,64240
,ユニバーサルエンターテインメン,6425,,,,64250
,オーイズミ,6428,,,,64280
,ヒーハイスト,6433,,,,64330
,サンデン,6444,,,,64440
,ＴＶＥ,6466,,,,64660
,ニチダイ,6467,,,,64670
,放電精密加工研究所,6469,,,,64690
,ＫＶＫ,6484,,,,64840
,ヨシタケ,6488,,,,64880
,前澤工業,6489,,,,64890
,岡野バルブ製造,6492,,,,64920
,ＮＩＴＴＡＮ,6493,,,,64930
,ＮＦＫ　ＨＬＤＧ,6494,,,,64940
,宮入バルブ製作所,6495,,,,64950
,中北製作所,6496,,,,64960
,ハマイ,6497,,,,64970
,東洋電機製造,6505,,,,65050
,オリジン,6513,,,,65130
,三相電機,6518,,,,65180
,オキサイド,6521,,,,65210
,アスタリスク,6522,,,,65220
,湖北工業,6524,,,,65240
,ＷＡＳＨハウス,6537,,,,65370
,ディスラプターズ,6538,,,,65380
,船場,6540,,,,65400
,ＦＣ　ＨＬＤＧ,6542,,,,65420
,日宣,6543,,,,65430
,インターネットインフィニティー,6545,,,,65450
,フルテック,6546,,,,65460
,グリーンズ,6547,,,,65470
,旅工房,6548,,,,65480
,ディーエムソリューションズ,6549,,,,65490
,ツナググループＨＬＤＧ,6551,,,,65510
,ＧａｍｅＷｉｔｈ,6552,,,,65520
,エスユーエス,6554,,,,65540
,ＭＳ＆Ｃｏｎｓｕｌｔｉｎｇ,6555,,,,65550
,ＡＩＡＩグループ,6557,,,,65570
,クックビズ,6558,,,,65580
,ＨＡＮＡＴＯＵＲ　ＪＡＰＡＮ,6561,,,,65610
,ジーニー,6562,,,,65620
,みらいワークス,6563,,,,65630
,ＡＢホテル,6565,,,,65650
,要興業,6566,,,,65660
,神戸天然物化学,6568,,,,65680
,共和コーポレーション,6570,,,,65700
,アジャイルメディア・ネットワー,6573,,,,65730
,コンヴァノ,6574,,,,65740
,ベストワンドットコム,6577,,,,65770
,コレックＨＬＤＧ,6578,,,,65780
,ログリー,6579,,,,65790
,ライトアップ,6580,,,,65800
,ＨＰＣシステムズ,6597,,,,65970
,エブレン,6599,,,,65990
,バルミューダ,6612,,,,66120
,ＱＤレーザ,6613,,,,66130
,シキノハイテック,6614,,,,66140
,ＪＡＬＣＯ　ＨＬＤＧ,6625,,,,66250
,ＳＥＭＩＴＥＣ,6626,,,,66260
,テラプローブ,6627,,,,66270
,テクノホライゾン,6629,,,,66290
,ＣＧＳ　ＨＬＤＧ,6633,,,,66330
,ネクスグループ,6634,,,,66340
,大日光・エンジニアリング,6635,,,,66350
,寺崎電気産業,6637,,,,66370
,戸上電機製作所,6643,,,,66430
,森尾電機,6647,,,,66470
,かわでん,6648,,,,66480
,正興電機製作所,6653,,,,66530
,不二電機工業,6654,,,,66540
,インスペック,6656,,,,66560
,シライ電子工業,6658,,,,66580
,メディアリンクス,6659,,,,66590
,ユビテック,6662,,,,66620
,太洋テクノレックス,6663,,,,66630
,オプトエレクトロニクス,6664,,,,66640
,リバーエレテック,6666,,,,66660
,アドテックプラズマテクノロジー,6668,,,,66680
,ＭＣＪ,6670,,,,66700
,サクサ,6675,,,,66750
,エスケーエレクトロニクス,6677,,,,66770
,ズーム,6694,,,,66940
,トラース・オン・プロダクト,6696,,,,66960
,ウインテスト,6721,,,,67210
,ピクセラ,6731,,,,67310
,ニューテック,6734,,,,67340
,サン電子,6736,,,,67360
,大同信号,6743,,,,67430
,星和電機,6748,,,,67480
,ＯＳＧコーポレーション,6757,,,,67570
,ザインエレクトロニクス,6769,,,,67690
,池上通信機,6771,,,,67710
,東京コスモス電機,6772,,,,67720
,ＴＢグループ,6775,,,,67750
,天昇電気工業,6776,,,,67760
,ｓａｎｔｅｃ　ＨＬＤＧ,6777,,,,67770
,アルチザネットワークス,6778,,,,67780
,ＲＶＨ,6786,,,,67860
,名古屋電機工業,6797,,,,67970
,ティアック,6803,,,,68030
,伊豆シャボテンリゾート,6819,,,,68190
,大井電気,6822,,,,68220
,新コスモス電機,6824,,,,68240
,アオイ電子,6832,,,,68320
,精工技研,6834,,,,68340
,アライドテレシスＨＬＤＧ,6835,,,,68350
,ぷらっとホーム,6836,,,,68360
,京写,6837,,,,68370
,多摩川ＨＬＤＧ,6838,,,,68380
,ＡＫＩＢＡ　ＨＬＤＧ,6840,,,,68400
,東亜ディーケーケー,6848,,,,68480
,共和電業,6853,,,,68530
,小野測器,6858,,,,68580
,ミナトＨＬＤＧ,6862,,,,68620
,ニレコ,6863,,,,68630
,エヌエフＨＬＤＧ,6864,,,,68640
,リーダー電子,6867,,,,68670
,日本フェンオール,6870,,,,68700
,協立電機,6874,,,,68740
,三社電機製作所,6882,,,,68820
,アクモス,6888,,,,68880
,フェローテック,6890,,,,68900
,パルステック工業,6894,,,,68940
,ツインバード,6897,,,,68970
,トミタ電機,6898,,,,68980
,ＡＳＴＩ,6899,,,,68990
,澤藤電機,6901,,,,69010
,原田工業,6904,,,,69040
,ジオマテック,6907,,,,69070
,菊水ＨＬＤＧ,6912,,,,69120
,アバールデータ,6918,,,,69180
,ケル,6919,,,,69190
,岡谷電機産業,6926,,,,69260
,ヘリオス　テクノ　ＨＬＤＧ,6927,,,,69270
,エノモト,6928,,,,69280
,日本アンテナ,6930,,,,69300
,遠藤照明,6932,,,,69320
,ソフィアＨＬＤＧ,6942,,,,69420
,ＮＫＫスイッチズ,6943,,,,69430
,日本アビオニクス,6946,,,,69460
,ＦＤＫ,6955,,,,69550
,芝浦電子,6957,,,,69570
,フクダ電子,6960,,,,69600
,サンコー,6964,,,,69640
,松尾電機,6969,,,,69690
,協栄産業,6973,,,,69730
,日本抵抗器製作所,6977,,,,69770
,リード,6982,,,,69820
,北陸電気工業,6989,,,,69890
,大黒屋ＨＬＤＧ,6993,,,,69930
,指月電機製作所,6994,,,,69940
,日本タングステン,6998,,,,69980
,内海造船,7018,,,,70180
,ニッチツ,7021,,,,70210
,サノヤスＨＬＤＧ,7022,,,,70220
,スプリックス,7030,,,,70300
,インバウンドテック,7031,,,,70310
,ａｎｄ　ｆａｃｔｏｒｙ,7035,,,,70350
,イーエムネットジャパン,7036,,,,70360
,テノ．ＨＬＤＧ,7037,,,,70370
,ブリッジインターナショナル,7039,,,,70390
,サン・ライフＨＬＤＧ,7040,,,,70400
,ＣＲＧ　ＨＬＤＧ,7041,,,,70410
,アクセスグループ・ＨＬＤＧ,7042,,,,70420
,アルー,7043,,,,70430
,ピアラ,7044,,,,70440
,ＴＤＳＥ,7046,,,,70460
,ポート,7047,,,,70470
,ベルトラ,7048,,,,70480
,識学,7049,,,,70490
,フロンティアインターナショナル,7050,,,,70500
,エヌ・シー・エヌ,7057,,,,70570
,共栄セキュリティーサービス,7058,,,,70580
,コプロ・ＨＬＤＧ,7059,,,,70590
,ギークス,7060,,,,70600
,日本ホスピスＨＬＤＧ,7061,,,,70610
,フレアス,7062,,,,70620
,Ｂｉｒｄｍａｎ,7063,,,,70630
,ハウテレビジョン,7064,,,,70640
,ユーピーアール,7065,,,,70650
,ピアズ,7066,,,,70660
,ブランディングテクノロジー,7067,,,,70670
,フィードフォースグループ,7068,,,,70680
,サイバー・バズ,7069,,,,70690
,インティメート・マージャー,7072,,,,70720
,ジェイック,7073,,,,70730
,トゥエンティーフォーセブンＨＤ,7074,,,,70740
,ＱＬＳ　ＨＬＤＧ,7075,,,,70750
,ＡＬｉＮＫインターネット,7077,,,,70770
,ＩＮＣＬＵＳＩＶＥ,7078,,,,70780
,ＷＤＢココ,7079,,,,70790
,スポーツフィールド,7080,,,,70800
,コーユーレンティア,7081,,,,70810
,ジモティー,7082,,,,70820
,ＡＨＣグループ,7083,,,,70830
,Ｓｍｉｌｅ　ＨＬＤＧ,7084,,,,70840
,ウイルテック,7087,,,,70870
,フォースタートアップス,7089,,,,70890
,リグア,7090,,,,70900
,リビングプラットフォーム,7091,,,,70910
,アディッシュ,7093,,,,70930
,ＮｅｘＴｏｎｅ,7094,,,,70940
,ステムセル研究所,7096,,,,70960
,さくらさくプラス,7097,,,,70970
,クラシコム,7110,,,,71100
,ＩＮＥＳＴ,7111,,,,71110
,キューブ,7112,,,,71120
,フーディソン,7114,,,,71140
,アルファパーチェス,7115,,,,71150
,ダイワ通信,7116,,,,71160
,ハルメクＨＬＤＧ,7119,,,,71190
,ＳＨＩＮＫＯ,7120,,,,71200
,近畿車輛,7122,,,,71220
,グローバルスタイル,7126,,,,71260
,一家ＨＬＤＧ,7127,,,,71270
,ミアヘルサＨＬＤＧ,7129,,,,71290
,のむら産業,7131,,,,71310
,ＨＹＵＧＡ　ＰＲＩＭＡＲＹ　Ｃ,7133,,,,71330
,アップガレージグループ,7134,,,,71340
,ジャパンクラフトＨＬＤＧ,7135,,,,71350
,ＴＯＲＩＣＯ,7138,,,,71380
,ペットゴー,7140,,,,71400
,島根銀行,7150,,,,71500
,ライフネット生命保険,7157,,,,71570
,じもとＨＬＤＧ,7161,,,,71610
,アストマックス,7162,,,,71620
,住信　ＳＢＩ　ネット銀行,7163,,,,71630
,今村証券,7175,,,,71750
,ＧＭＯフィナンシャルＨＬＤＧ,7177,,,,71770
,あんしん保証,7183,,,,71830
,ヒロセ通商,7185,,,,71850
,イントラスト,7191,,,,71910
,日本モーゲージサービス,7192,,,,71920
,Ｃａｓａ,7196,,,,71960
,カネミツ,7208,,,,72080
,エフテック,7212,,,,72120
,レシップＨＬＤＧ,7213,,,,72130
,ＧＭＢ,7214,,,,72140
,ファルテック,7215,,,,72150
,テイン,7217,,,,72170
,田中精密工業,7218,,,,72180
,エッチ・ケー・エス,7219,,,,72190
,デイトナ,7228,,,,72280
,ユタカ技研,7229,,,,72290
,東京ラヂエーター製造,7235,,,,72350
,ミクニ,7247,,,,72470
,ユニバンス,7254,,,,72540
,桜井製作所,7255,,,,72550
,河西工業,7256,,,,72560
,ムロコーポレーション,7264,,,,72640
,エイケン工業,7265,,,,72650
,今仙電機製作所,7266,,,,72660
,安永,7271,,,,72710
,イクヨ,7273,,,,72730
,ＴＢＫ,7277,,,,72770
,ハイレックスコーポレーション,7279,,,,72790
,盟和産業,7284,,,,72840
,日本精機,7287,,,,72870
,日本プラスト,7291,,,,72910
,村上開明堂,7292,,,,72920
,カーメイト,7297,,,,72970
,フジオーゼックス,7299,,,,72990
,新家工業,7305,,,,73050
,小田原機器,7314,,,,73140
,松屋アールアンドディ,7317,,,,73170
,セレンディップＨＬＤＧ,7318,,,,73180
,Ｓｏｌｖｖｙ,7320,,,,73200
,アイリックコーポレーション,7325,,,,73250
,ＳＢＩインシュアランスグループ,7326,,,,73260
,ブロードマインド,7343,,,,73430
,アイ・パートナーズフィナンシャ,7345,,,,73450
,マーキュリアＨＬＤＧ,7347,,,,73470
,グッドパッチ,7351,,,,73510
,ＴＷＯＳＴＯＮＥ＆Ｓｏｎｓ,7352,,,,73520
,ＫＩＹＯラーニング,7353,,,,73530
,ＲＥＴＴＹ,7356,,,,73560
,ジオコード,7357,,,,73570
,東京通信グループ,7359,,,,73590
,オンデック,7360,,,,73600
,ヒューマンクリエイションＨＬＤ,7361,,,,73610
,Ｔ．Ｓ．Ｉ,7362,,,,73620
,ベビーカレンダー,7363,,,,73630
,セルム,7367,,,,73670
,表示灯,7368,,,,73680
,メイホーＨＬＤＧ,7369,,,,73690
,Ｅｎｊｉｎ,7370,,,,73700
,Ｚｅｎｋｅｎ,7371,,,,73710
,デコルテＨＬＤＧ,7372,,,,73720
,アイドマＨＬＤＧ,7373,,,,73730
,コンフィデンス・インターワーク,7374,,,,73740
,リファインバースグループ,7375,,,,73750
,ＢＣＣ,7376,,,,73760
,ＤＮ　ＨＬＤＧ,7377,,,,73770
,アシロ,7378,,,,73780
,サーキュレーション,7379,,,,73790
,ナンシン,7399,,,,73990
,ＡｅｒｏＥｄｇｅ,7409,,,,74090
,アトム,7412,,,,74120
,創健社,7413,,,,74130
,はるやまＨＬＤＧ,7416,,,,74160
,南陽,7417,,,,74170
,東邦レマック,7422,,,,74220
,初穂商事,7425,,,,74250
,山大,7426,,,,74260
,エコートレーディング,7427,,,,74270
,オータケ,7434,,,,74340
,ナ・デックス,7435,,,,74350
,中山福,7442,,,,74420
,横浜魚類,7443,,,,74430
,ハリマ共和物産,7444,,,,74440
,ライトオン,7445,,,,74450
,東北化学薬品,7446,,,,74460
,サンデー,7450,,,,74500
,パリミキＨＬＤＧ,7455,,,,74550
,ヤギ,7460,,,,74600
,キムラ,7461,,,,74610
,ＣＡＰＩＴＡ,7462,,,,74620
,セフテック,7464,,,,74640
,鳥羽洋行,7472,,,,74720
,ムラキ,7477,,,,74770
,尾家産業,7481,,,,74810
,サンリン,7486,,,,74860
,小津産業,7487,,,,74870
,日新商事,7490,,,,74900
,コナカ,7494,,,,74940
,西川計測,7500,,,,75000
,ティムコ,7501,,,,75010
,プラザＨＬＤＧ,7502,,,,75020
,扶桑電通,7505,,,,75050
,ハウス　オブ　ローゼ,7506,,,,75060
,アイエーグループ,7509,,,,75090
,ヒマラヤ,7514,,,,75140
,マルヨシセンター,7515,,,,75150
,ムサシ,7521,,,,75210
,アールビバン,7523,,,,75230
,マルシェ,7524,,,,75240
,清和中央ＨＬＤＧ,7531,,,,75310
,大水,7538,,,,75380
,アイナボＨＬＤＧ,7539,,,,75390
,スリーエフ,7544,,,,75440
,ウェッズ,7551,,,,75510
,大田花き,7555,,,,75550
,ハークスレイ,7561,,,,75610
,安楽亭,7562,,,,75620
,ワークマン,7564,,,,75640
,萬世電機,7565,,,,75650
,栄電子,7567,,,,75670
,ヤマノＨＬＤＧ,7571,,,,75710
,ニチリョク,7578,,,,75780
,かんなん丸,7585,,,,75850
,ポプラ,7601,,,,76010
,レダックス,7602,,,,76020
,マックハウス,7603,,,,76030
,梅の花グループ,7604,,,,76040
,エスケイジャパン,7608,,,,76080
,テイツー,7610,,,,76100
,オーエムツーネットワーク,7614,,,,76140
,京都きもの友禅ＨＬＤＧ,7615,,,,76150
,田中商事,7619,,,,76190
,うかい,7621,,,,76210
,ＮａＩＴＯ,7624,,,,76240
,グローバルダイニング,7625,,,,76250
,星医療酸器,7634,,,,76340
,杉田エース,7635,,,,76350
,ハンズマン,7636,,,,76360
,ＮＥＷ　ＡＲＴ　ＨＬＤＧ,7638,,,,76380
,トップカルチャー,7640,,,,76400
,ダイイチ,7643,,,,76430
,ＰＬＡＮＴ,7646,,,,76460
,オーウエル,7670,,,,76700
,ダイコー通産,7673,,,,76730
,ＮＡＴＴＹ　ＳＷＡＮＫＹＨＬＤ,7674,,,,76740
,ヤシマキザイ,7677,,,,76770
,あさくま,7678,,,,76780
,レオクラン,7681,,,,76810
,浜木綿,7682,,,,76820
,ＢｕｙＳｅｌｌ　Ｔｅｃｈ,7685,,,,76850
,ひとまいる,7686,,,,76860
,ミクリード,7687,,,,76870
,コパ・コーポレーション,7689,,,,76890
,アースインフィニティ,7692,,,,76920
,いつも,7694,,,,76940
,交換できるくん,7695,,,,76950
,アイスコ,7698,,,,76980
,オムニ・プラス・システム,7699,,,,76990
,プレシジョン・システム・サイエ,7707,,,,77070
,クボテック,7709,,,,77090
,助川電気工業,7711,,,,77110
,シグマ光機,7713,,,,77130
,ナカニシ,7716,,,,77160
,東京衡機,7719,,,,77190
,国際計測器,7722,,,,77220
,黒田精工,7726,,,,77260
,オーバル,7727,,,,77270
,シード,7743,,,,77430
,岡本硝子,7746,,,,77460
,メディキット,7749,,,,77490
,ＩＭＶ,7760,,,,77600
,リズム,7769,,,,77690
,日本精密,7771,,,,77710
,ジャパン・ティッシュエンジニア,7774,,,,77740
,大研医器,7775,,,,77750
,セルシード,7776,,,,77760
,スリー・ディー・マトリックス,7777,,,,77770
,ＣＹＢＥＲＤＹＮＥ,7779,,,,77790
,平山ＨＬＤＧ,7781,,,,77810
,シンシア,7782,,,,77820
,ドリームベッド,7791,,,,77910
,コラントッテ,7792,,,,77920
,イメージ・マジック,7793,,,,77930
,イーディーピー,7794,,,,77940
,ＫＹＯＲＩＴＳＵ,7795,,,,77950
,アミファ,7800,,,,78000
,ブシロード,7803,,,,78030
,ビーアンドピー,7804,,,,78040
,プリントネット,7805,,,,78050
,ＭＴＧ,7806,,,,78060
,幸和製作所,7807,,,,78070
,シー・エス・ランバー,7808,,,,78080
,壽屋,7809,,,,78090
,クロスフォー,7810,,,,78100
,中本パックス,7811,,,,78110
,クレステック,7812,,,,78120
,プラッツ,7813,,,,78130
,日本創発グループ,7814,,,,78140
,東京ボード工業,7815,,,,78150
,粧美堂,7819,,,,78190
,永大産業,7822,,,,78220
,オービス,7827,,,,78270
,ウイルコＨＬＤＧ,7831,,,,78310
,アイフィスジャパン,7833,,,,78330
,アビックス,7836,,,,78360
,アールシーコア,7837,,,,78370
,遠藤製作所,7841,,,,78410
,グラファイトデザイン,7847,,,,78470
,スターツ出版,7849,,,,78490
,総合商研,7850,,,,78500
,カワセコンピュータサプライ,7851,,,,78510
,セキ,7857,,,,78570
,アルメディオ,7859,,,,78590
,平賀,7863,,,,78630
,ピープル,7865,,,,78650
,フクビ化学工業,7871,,,,78710
,エステールＨＬＤＧ,7872,,,,78720
,竹田ｉＰＨＬＤＧ,7875,,,,78750
,永大化工,7877,,,,78770
,光・彩,7878,,,,78780
,ノダ,7879,,,,78790
,サンメッセ,7883,,,,78830
,タカノ,7885,,,,78850
,ヤマト　モビリティ　＆　Ｍｆｇ,7886,,,,78860
,南海プライウッド,7887,,,,78870
,セブン工業,7896,,,,78960
,ホクシン,7897,,,,78970
,ウッドワン,7898,,,,78980
,マツモト,7901,,,,79010
,ソノコム,7902,,,,79020
,ヨネックス,7906,,,,79060
,きもと,7908,,,,79080
,光村印刷,7916,,,,79160
,ヴィアＨＬＤＧ,7918,,,,79180
,野崎印刷紙業,7919,,,,79190
,三光産業,7922,,,,79220
,トーイン,7923,,,,79230
,ムトー精工,7927,,,,79270
,旭化学工業,7928,,,,79280
,ニッピ,7932,,,,79320
,リーガルコーポレーション,7938,,,,79380
,研創,7939,,,,79390
,ウェーブロックＨＬＤＧ,7940,,,,79400
,光陽社,7946,,,,79460
,菊水化学工業,7953,,,,79530
,フジコピアン,7957,,,,79570
,興研,7963,,,,79630
,東リ,7971,,,,79710
,リヒトラブ,7975,,,,79750
,重松製作所,7980,,,,79800
,ミロク,7983,,,,79830
,ネポン,7985,,,,79850
,日本アイ・エス・ケイ,7986,,,,79860
,マミヤ・オーピー,7991,,,,79910
,セーラー万年筆,7992,,,,79920
,くろがね工作所,7997,,,,79970
,ＭＵＴＯＨ　ＨＬＤＧ,7999,,,,79990
,ユアサ・フナショク,8006,,,,80060
,高島,8007,,,,80070
,ナイガイ,8013,,,,80130
,ＤＡＩＫＯ　ＸＴＥＣＨ,8023,,,,80230
,ツカモトコーポレーション,8025,,,,80250
,中央魚類,8030,,,,80300
,築地魚市場,8039,,,,80390
,東京ソワール,8040,,,,80400
,ＯＵＧ　ＨＬＤＧ,8041,,,,80410
,横浜丸魚,8045,,,,80450
,丸藤シートパイル,8046,,,,80460
,三谷商事,8066,,,,80660
,カノークス,8076,,,,80760
,トルク,8077,,,,80770
,ナラサキ産業,8085,,,,80850
,ナイス,8089,,,,80890
,ニチモウ,8091,,,,80910
,クワザワＨＬＤＧ,8104,,,,81040
,堀田丸正,8105,,,,81050
,キムラタン,8107,,,,81070
,ムーンバット,8115,,,,81150
,中央自動車工業,8117,,,,81170
,キング,8118,,,,81180
,三栄コーポレーション,8119,,,,81190
,川辺,8123,,,,81230
,ヤマトインターナショナル,8127,,,,81270
,ゼット,8135,,,,81350
,三京化成,8138,,,,81380
,ナガホリ,8139,,,,81390
,ラピーヌ,8143,,,,81430
,デンキョーグループＨＬＤＧ,8144,,,,81440
,トミタ,8147,,,,81470
,ソマール,8152,,,,81520
,タカキュー,8166,,,,81660
,東天紅,8181,,,,81810
,マックスバリュ東海,8198,,,,81980
,ラオックスＨＬＤＧ,8202,,,,82020
,テンアライド,8207,,,,82070
,エンチョー,8208,,,,82080
,フレンドリー,8209,,,,82090
,タカチホ,8225,,,,82250
,理経,8226,,,,82260
,はせがわ,8230,,,,82300
,大和,8247,,,,82470
,さいか屋,8254,,,,82540
,井筒屋,8260,,,,82600
,Ｏｌｙｍｐｉｃグループ,8289,,,,82890
,日産東京販売ＨＬＤＧ,8291,,,,82910
,東北銀行,8349,,,,83490
,富山銀行,8365,,,,83650
,鳥取銀行,8383,,,,83830
,高知銀行,8416,,,,84160
,Ｊトラスト,8508,,,,85080
,日本アジア投資,8518,,,,85180
,大光銀行,8537,,,,85370
,トマト銀行,8542,,,,85420
,福島銀行,8562,,,,85620
,大東銀行,8563,,,,85630
,九州リースサービス,8596,,,,85960
,光世証券,8617,,,,86170
,ＨＳＨＬＤＧ,8699,,,,86990
,丸八証券,8700,,,,87000
,トレイダーズＨＬＤＧ,8704,,,,87040
,日産証券グループ,8705,,,,87050
,あかつき本社,8737,,,,87370
,小林洋行,8742,,,,87420
,ｕｎｂａｎｋｅｄ,8746,,,,87460
,豊トラスティ証券,8747,,,,87470
,アドバンテッジリスクマネジメン,8769,,,,87690
,アサックス,8772,,,,87720
,ＧＦＡ,8783,,,,87830
,フィンテック　グローバル,8789,,,,87890
,太平洋興発,8835,,,,88350
,ＲＩＳＥ,8836,,,,88360
,コスモスイニシア,8844,,,,88440
,シーラＨＬＤＧ,8887,,,,88870
,ＡＭＧＨＬＤＧ,8891,,,,88910
,ＲＥＶＯＬＵＴＩＯＮ,8894,,,,88940
,センチュリー２１・ジャパン,8898,,,,88980
,ＡＶＡＮＴＩＡ,8904,,,,89040
,毎日コムネット,8908,,,,89080
,エリアクエスト,8912,,,,89120
,エリアリンク,8914,,,,89140
,ファースト住建,8917,,,,89170
,明豊エンタープライズ,8927,,,,89270
,穴吹興産,8928,,,,89280
,青山財産ネットワークス,8929,,,,89290
,和田興産,8931,,,,89310
,グロームＨＬＤＧ,8938,,,,89380
,インテリックス,8940,,,,89400
,ランドビジネス,8944,,,,89440
,サンネクスタグループ,8945,,,,89450
,ＡＳＩＡＮ　ＳＴＡＲ,8946,,,,89460
,誠建設工業,8995,,,,89950
,ハウスフリーダム,8996,,,,89960
,秩父鉄道,9012,,,,90120
,新潟交通,9017,,,,90170
,ゼロ,9028,,,,90280
,ヒガシＨＬＤＧ,9029,,,,90290
,広島電鉄,9033,,,,90330
,南総通運,9034,,,,90340
,東部ネットワーク,9036,,,,90360
,京福電気鉄道,9049,,,,90490
,センコン物流,9051,,,,90510
,遠州トラック,9057,,,,90570
,カンダＨＬＤＧ,9059,,,,90590
,日本ロジテム,9060,,,,90600
,岡山県貨物運送,9063,,,,90630
,丸運,9067,,,,90670
,京極運輸商事,9073,,,,90730
,日本石油輸送,9074,,,,90740
,大和自動車交通,9082,,,,90820
,神姫バス,9083,,,,90830
,タカセ,9087,,,,90870
,明海グループ,9115,,,,91150
,玉井商船,9127,,,,91270
,共栄タンカー,9130,,,,91300
,ビーイングＨＬＤＧ,9145,,,,91450
,シーユーシー,9158,,,,91580
,Ｗ　ＴＯＫＹＯ,9159,,,,91590
,ノバレーゼ,9160,,,,91600
,ブリーチ,9162,,,,91620
,ナレルグループ,9163,,,,91630
,トライト,9164,,,,91640
,クオルテック,9165,,,,91650
,ＧＥＮＤＡ,9166,,,,91660
,ライズ・コンサルティング・グル,9168,,,,91680
,栗林商船,9171,,,,91710
,東海汽船,9173,,,,91730
,東京汽船,9193,,,,91930
,スカイマーク,9204,,,,92040
,スターフライヤー,9206,,,,92060
,エフ・コード,9211,,,,92110
,Ｇｒｅｅｎ　Ｅａｒｔｈ　Ｉｎｓ,9212,,,,92120
,セイファート,9213,,,,92130
,Ｒｅｃｏｖｅｒｙ　Ｉｎｔｅｒｎ,9214,,,,92140
,ＣａＳｙ,9215,,,,92150
,メンタルヘルステクノロジーズ,9218,,,,92180
,ギックス,9219,,,,92190
,エフビー介護サービス,9220,,,,92200
,フルハシＥＰＯ,9221,,,,92210
,ＡＳＮＯＶＡ,9223,,,,92230
,ブリッジコンサルティンググルー,9225,,,,92250
,マイクロ波化学,9227,,,,92270
,アジア航測,9233,,,,92330
,売れるネット広告社グループ,9235,,,,92350
,ジャパンＭ＆Ａソリューション,9236,,,,92360
,笑美面,9237,,,,92370
,バリュークリエーション,9238,,,,92380
,デリバリーコンサルティング,9240,,,,92400
,フューチャーリンクネットワーク,9241,,,,92410
,メディア総研,9242,,,,92420
,デジタリフト,9244,,,,92440
,リベロ,9245,,,,92450
,プロジェクトＨＬＤＧ,9246,,,,92460
,日本エコシステム,9249,,,,92490
,ＧＲＣＳ,9250,,,,92500
,ＡＢ＆Ｃｏｍｐａｎｙ,9251,,,,92510
,ラストワンマイル,9252,,,,92520
,スローガン,9253,,,,92530
,ラバブルマーケティンググループ,9254,,,,92540
,サクシード,9256,,,,92560
,ＹＣＰＨＬＤＧ（グローバル）,9257,,,,92570
,ＣＳ−Ｃ,9258,,,,92580
,タカヨシＨＬＤＧ,9259,,,,92590
,ポエック,9264,,,,92640
,ヤマシタヘルスケアＨＬＤＧ,9265,,,,92650
,オプティマスグループ,9268,,,,92680
,バリュエンスＨＬＤＧ,9270,,,,92700
,和心,9271,,,,92710
,ブティックス,9272,,,,92720
,ナルミヤ・インターナショナル,9275,,,,92750
,東陽倉庫,9306,,,,93060
,杉村倉庫,9307,,,,93070
,アサガミ,9311,,,,93110
,ケイヒン,9312,,,,93120
,丸八倉庫,9313,,,,93130
,川西倉庫,9322,,,,93220
,ファイズＨＬＤＧ,9325,,,,93250
,関通,9326,,,,93260
,イー・ロジット,9327,,,,93270
,揚羽,9330,,,,93300
,キャスター,9331,,,,93310
,トリドリ,9337,,,,93370
,ＩＮＦＯＲＩＣＨ,9338,,,,93380
,コーチ・エィ,9339,,,,93390
,アソインターナショナル,9340,,,,93400
,スマサポ,9342,,,,93420
,アイビス,9343,,,,93430
,アクシスコンサルティング,9344,,,,93440
,ビズメイツ,9345,,,,93450
,ココルポート,9346,,,,93460
,ｉｓｐａｃｅ,9348,,,,93480
,東洋埠頭,9351,,,,93510
,櫻島埠頭,9353,,,,93530
,リンコーコーポレーション,9355,,,,93550
,鈴与シンワート,9360,,,,93600
,伏木海陸運送,9361,,,,93610
,兵機海運,9362,,,,93620
,大運,9363,,,,93630
,トレーディア,9365,,,,93650
,サンリツ,9366,,,,93660
,大東港運,9367,,,,93670
,キムラユニティー,9368,,,,93680
,ユーラシア旅行社,9376,,,,93760
,エージーピー,9377,,,,93770
,東海運,9380,,,,93800
,ショーエイコーポレーション,9385,,,,93850
,ビートＨＬＤＧ,9399,,,,93990
,ＢＳＮメディアＨＬＤＧ,9408,,,,94080
,日本ＢＳ放送,9414,,,,94140
,スマートバリュー,9417,,,,94170
,ワイヤレスゲート,9419,,,,94190
,エヌジェイＨＬＤＧ,9421,,,,94210
,フォーバル・リアルストレート,9423,,,,94230
,ＲｅＹｕｕ　Ｊａｐａｎ,9425,,,,94250
,クロップス,9428,,,,94280
,沖縄セルラー電話,9436,,,,94360
,エム・エイチ・グループ,9439,,,,94390
,ベルパーク,9441,,,,94410
,トーシンＨＬＤＧ,9444,,,,94440
,フォーバルテレコム,9445,,,,94450
,サカイＨＬＤＧ,9446,,,,94460
,アイドママーケティングコミュニ,9466,,,,94660
,アルファポリス,9467,,,,94670
,昭文社ＨＬＤＧ,9475,,,,94750
,中央経済社ＨＬＤＧ,9476,,,,94760
,ＳＥ　Ｈ＆インキュベーションズ,9478,,,,94780
,北陸瓦斯,9537,,,,95370
,京葉瓦斯,9539,,,,95390
,マイクロアド,9553,,,,95530
,ＡＶｉＣ,9554,,,,95540
,ＩＮＴＬＯＯＰ,9556,,,,95560
,エアークローゼット,9557,,,,95570
,ジャパニアス,9558,,,,95580
,プログリット,9560,,,,95600
,グラッドキューブ,9561,,,,95610
,ビジネスコーチ,9562,,,,95620
,Ａｔｌａｓ　Ｔｅｃｈｎｏｌｏｇ,9563,,,,95630
,ＦＣＥ,9564,,,,95640
,ＧＬＯＥ,9565,,,,95650
,ウィルソン・ラーニング　ワール,9610,,,,96100
,セレスポ,9625,,,,96250
,東京テアトル,9633,,,,96330
,武蔵野興業,9635,,,,96350
,きんえい,9636,,,,96360
,三協フロンテア,9639,,,,96390
,セゾンテクノロジー,9640,,,,96400
,協和コンサルタンツ,9647,,,,96470
,日本プロセス,9651,,,,96510
,グリーンランドリゾート,9656,,,,96560
,歌舞伎座,9661,,,,96610
,ホウライ,9679,,,,96790
,ＫＹＣＯＭ　ＨＬＤＧ,9685,,,,96850
,東洋テック,9686,,,,96860
,ＫＳＫ,9687,,,,96870
,両毛システムズ,9691,,,,96910
,ウィザス,9696,,,,96960
,クレオ,9698,,,,96980
,東京會舘,9701,,,,97010
,アゴーラ　ホスピタリティー,9704,,,,97040
,帝国ホテル,9708,,,,97080
,ＮＣＳ＆Ａ,9709,,,,97090
,ロイヤルホテル,9713,,,,97130
,ホテル、ニューグランド,9720,,,,97200
,京都ホテル,9723,,,,97230
,白洋舎,9731,,,,97310
,ナガセ,9733,,,,97330
,アイエックス・ナレッジ,9753,,,,97530
,進学会ＨＬＤＧ,9760,,,,97600
,東海リース,9761,,,,97610
,丸紅建材リース,9763,,,,97630
,オオバ,9765,,,,97650
,日建工学,9767,,,,97670
,いであ,9768,,,,97680
,札幌臨床検査センター,9776,,,,97760
,昴,9778,,,,97780
,ハリマビステム,9780,,,,97800
,ディーエムエス,9782,,,,97820
,ビケンテクノ,9791,,,,97910
,旭情報サービス,9799,,,,97990
,テーオーＨＬＤＧ,9812,,,,98120
,ストライダーズ,9816,,,,98160
,大丸エナウィン,9818,,,,98180
,エムティジェネックス,9820,,,,98200
,マミーマート,9823,,,,98230
,リリカラ,9827,,,,98270
,ジュンテンドー,9835,,,,98350
,パーカーコーポレーション,9845,,,,98450
,天満屋ストア,9846,,,,98460
,共同紙販ＨＬＤＧ,9849,,,,98490
,銀座ルノアール,9853,,,,98530
,愛眼,9854,,,,98540
,英和,9857,,,,98570
,ソレキア,9867,,,,98670
,北恵,9872,,,,98720
,コックス,9876,,,,98760
,セキド,9878,,,,98780
,シャルレ,9885,,,,98850
,ＵＥＸ,9888,,,,98880
,マキヤ,9890,,,,98900
,コンセック,9895,,,,98950
,カンセキ,9903,,,,99030
,ベリテ,9904,,,,99040
,藤井産業,9906,,,,99060
,日本電計,9908,,,,99080
,日邦産業,9913,,,,99130
,植松商会,9914,,,,99140
,ワットマン,9927,,,,99270
,平和紙業,9929,,,,99290
,北沢産業,9930,,,,99300
,太洋物産,9941,,,,99410
,ハチバン,9950,,,,99500
,ヨンキュウ,9955,,,,99550
,アシードＨＬＤＧ,9959,,,,99590
,ショクブン,9969,,,,99690
,アルテック,9972,,,,99720
,ＫＯＺＯＨＬＤＧ,9973,,,,99730
,セキチュー,9976,,,,99760
,文教堂グループＨＬＤＧ,9978,,,,99780
,ＭＲＫ　ＨＬＤＧ,9980,,,,99800
,タキヒヨー,9982,,,,99820
,蔵王産業,9986,,,,99860
,ヤマザワ,9993,,,,99930
,やまや,9994,,,,99940
,サトー商会,9996,,,,99960
